Company,Role Title,Role Link,Location,Remote,Travel,Technical Skills,Years of Experience,Compensation,PTO and Benefits,As of Date,Fit Score,Fit Evaluation,Cover Letter,Role Summary,Company Summary,Status,File Name
OpenAI,"Analytics Data Engineer, Applied Engineering",https://openai.com/careers/analytics-data-engineer-applied-engineering,"San Francisco, CA",Not remote,Not specified,"['Python', 'Scala', 'Java', 'Hadoop', 'Flink', 'HDFS', 'S3', 'Airflow', 'Spark']",3+ years as a data engineer and 8+ years of any software engineering experience,$245K - $385K USD,Relocation assistance offered to new employees,2024-04-23,7.0,"The fit score was calculated by matching the required technical skills and years of experience from the job description with the skills and experience listed on the resume. While there is a strong alignment in terms of technical skills and experience level, the fit score is slightly lower due to the specific years of experience required.","I am thrilled about the opportunity to contribute as an Analytics Data Engineer at OpenAI, leveraging my expertise in Python, Scala, Java, Hadoop, Flink, and Spark. With over 3 years of dedicated data engineering experience and a total of 8+ years in software engineering, I am well-equipped to build and manage data pipelines efficiently. I am eager to collaborate with the talented teams at OpenAI to drive impactful solutions and shape the future of AI technology.","The Analytics Data Engineer role at OpenAI involves designing, building, and managing data pipelines, creating canonical datasets, and collaborating with cross-functional teams to address data needs. The role focuses on ensuring data integrity, security, and compliance while driving data-driven insights for key business decisions and product growth.","OpenAI is an AI research and deployment company dedicated to leveraging AI for the benefit of humanity. The company prioritizes safety, responsibility, and societal impact in the development and deployment of AI systems. OpenAI values diversity, inclusivity, and innovation in shaping the future of technology.",Queued,openai.com_careers_analytics-data-engineer-applied-engineering
OpenAI,Data Infrastructure Engineer,https://openai.com/careers/data-infrastructure-engineer,"San Francisco, CA",Not remote,Not specified,"['Apache Spark', 'Python', 'Terraform', 'Kafka', 'Azure EventHub', 'Vector DBs']",4+ years in data infrastructure engineering or 4+ years in infrastructure engineering with a strong interest in data,$200K - $385K USD,Relocation assistance offered to new employees,2024-04-23,8.0,"The fit score considered the match between the required technical skills and experience level in the job description with the skills and experience listed on the resume. The fit score is high due to the strong alignment of technical skills and experience, meeting the job requirements effectively.","I am excited at the prospect of contributing as a Data Infrastructure Engineer at OpenAI, drawing on my expertise in Apache Spark, Python, Terraform, Kafka, and Azure EventHub. With over 4 years of dedicated experience in data infrastructure engineering, I am well-prepared to design and maintain scalable and secure data infrastructure systems. I look forward to collaborating with the talented teams at OpenAI to drive innovative solutions and support the company's mission.","As a Data Infrastructure Engineer at OpenAI, you will be responsible for designing, building, and maintaining foundational data infrastructure systems to support products and teams. The role focuses on scalability, reliability, and security of data infrastructure while empowering engineers and teammates with efficient data tooling.","OpenAI is an AI research and deployment company committed to harnessing the power of AI for the betterment of humanity. The company prioritizes safety and inclusivity in AI development and deployment, aiming to ensure that AI benefits all of humanity through responsible innovation.",Queued,openai.com_careers_data-infrastructure-engineer
OpenAI,"Data Scientist, Product",https://openai.com/careers/data-scientist-product,"San Francisco, CA",Not remote,Not specified,"['SQL', 'Python', 'NLP', 'Statistical Significance Testing', 'Python', 'SQL']",5+ years experience in a quantitative role navigating highly ambiguous environments,$245K - $385K USD,Relocation assistance offered to new employees,2024-04-23,9.0,"The fit score was calculated by matching the required technical skills and experience level in the job description with the skills and experience listed on the resume. The fit score is high due to a strong alignment of technical skills and extensive experience, meeting the job requirements effectively.","I am enthusiastic about the opportunity to join OpenAI as a Data Scientist, Product, leveraging my skills in SQL, Python, NLP, and statistical significance testing. With over 5 years of experience in quantitative roles and navigating ambiguous environments, I am well-equipped to drive data-driven product development and establish data-driven cultures. I am eager to collaborate with the talented team at OpenAI to contribute to impactful product development.","The Data Scientist, Product role at OpenAI involves embedding with product development teams, defining A/B tests, establishing data-driven product development cultures, and developing dashboards to enable self-serve data analysis. The role focuses on driving growth, defining metrics, and ensuring data-driven decision-making for product development.","OpenAI is dedicated to leveraging AI for the benefit of humanity, ensuring that AI technologies are developed and deployed responsibly. The company values inclusivity, safety, and diversity in AI development, aiming to create AI systems that benefit humanity as a whole.",Queued,openai.com_careers_data-scientist-product
OpenAI,"Research Software Engineer, Data Quality (Post-training)",https://openai.com/careers/research-software-engineer-data-quality-post-training,"San Francisco, CA",Not remote,Not specified,"['Python', 'Spark', 'Data orchestration and automation tools (e.g., Airflow)', 'Machine Learning', 'Deep Learning', 'Large Language Models (LLM stack)', 'PyTorch']",3+ years working with data-intensive applications or distributed systems and 6+ years of any software engineering experience,$295K - $440K USD,Relocation assistance offered to new employees,2024-04-23,8.0,"The fit score was assessed by aligning the required technical skills and experience level in the job description with the skills and experience listed on the resume. The fit score is high due to a strong match in technical skills and relevant experience, meeting the job criteria effectively.","I am excited about the opportunity to contribute as a Research Software Engineer at OpenAI, focusing on Data Quality post-training. With my expertise in Python, Spark, data orchestration tools like Airflow, and experience in Machine Learning and Deep Learning, I am well-prepared to build data pipelines and conduct research related to data quality. I am eager to collaborate with the innovative team at OpenAI to drive impactful improvements.","As a Research Software Engineer at OpenAI, specializing in Data Quality post-training, the role involves building systems and pipelines for data processing, training machine learning models on large datasets, collaborating with researchers on dataset creation, and running experiments to enhance model performance. The position emphasizes a strong technical background and experience in working with large language models.","OpenAI is dedicated to leveraging AI technology for the benefit of humanity, ensuring responsible AI development and deployment. The company values inclusivity and safety in AI research and aims to create AI systems that positively impact society.",Queued,openai.com_careers_research-software-engineer-data-quality-post-training
Google,"Data Engineer, Machine Learning",https://www.google.com/about/careers/applications/jobs/results/125881358477075142-data-engineer-machine-learning,"Mountain View, CA, USA; Atlanta, GA, USA; Chicago, IL, USA; New York, NY, USA; Los Angeles, CA, USA; Washington D.C., DC, USA",Not specified,Not specified,"['Python', 'R', 'SQL', 'Analytics', 'Machine Learning (Hadoop, MapReduce)', 'SQL/MySQL', 'Data Insights', 'Signal Repository', 'Causal ML Models', 'Storytelling for Business Stakeholders']",Master's degree and 4 years of experience using analytics to solve product or business problems,"$150,000 - $223,000 USD + bonus + equity + benefits",Not specified,2024-04-23,7.0,"The fit score was assessed based on the technical skills and experience required for the role compared to the information in the resume. While there is a good match in technical skills and experience level, the fit score slightly accounts for the specific years of experience and additional domains mentioned in the job description.","I am enthusiastic about the opportunity to contribute as a Data Engineer in Machine Learning at Google. With a strong background in Python, R, SQL, and analytics, coupled with experience in building causal ML models and communicating data insights to business stakeholders, I am well-prepared for this role. I am eager to be part of the innovative projects at Google and contribute to driving impactful data-driven decisions.","The Data Engineer role at Google focuses on utilizing analytics and machine learning techniques to drive data strategies and build causal ML models to optimize business operations. The position involves developing core datasets, signal repositories, and leveraging data insights to enhance sales channel assignments.",Google is committed to fostering an inclusive workplace and providing equal opportunities regardless of background. The company prioritizes diversity and belonging while leveraging technology to address global challenges and drive innovation.,Queued,www.google.com_about_careers_applications_jobs_results_125881358477075142-data-engineer-machine-learning
Google,Security Sales Specialist,https://www.google.com/about/careers/applications/jobs/results/109319736950432454-data-analytics-sales-specialist,"Munich, Germany; Berlin, Germany",Not mentioned,Not mentioned,"['Sales', 'Security']",Not specified,Not specified,Not specified,2024-04-23,4.0,"The fit score is calculated based on the presence of technical skills such as sales and security in the resume. However, the number of years of experience and specific experience in security sales are not mentioned on the resume, leading to a moderate fit score.","I am excited about the opportunity to apply for the Security Sales Specialist position at Google. With a background in sales and a strong interest in security, I am eager to contribute to the team at Google with my skill set. I am confident that my experience aligns well with the requirements of the role, and I am enthusiastic about the potential to grow professionally in this dynamic environment.","The Security Sales Specialist at Google will focus on selling security solutions to potential clients. The role requires expertise in sales strategies and a solid understanding of security products and services. Daily tasks may involve client prospecting, conducting sales presentations, and negotiating contracts to meet sales targets.","Google is a renowned technology company known for its innovative products and services worldwide. The company fosters a culture of creativity and diversity, encouraging employees to think big and make a difference in the tech industry.",Queued,www.google.com_about_careers_applications_jobs_results_109319736950432454-data-analytics-sales-specialist
Google,"Engineering Data Analyst, Trust and Safety, AI Safety",https://www.google.com/about/careers/applications/jobs/results/124379504647774918-engineering-data-analyst-trust-and-safety-ai-safety,"Seattle, WA, USA",Not remote,False,"['Data Science', 'Machine Learning', 'Python', 'SQL']",2 years,"$117,000-$172,000 + bonus + equity + benefits","Salary ranges determined by role, level, and location. Base salary only displayed in US postings; does not include bonus, equity, or benefits.",2024-04-23,8.0,"The fit score was calculated based on key technical skills and years of experience required for the role matching those listed on the resume. The resume shows relevant experience in data science, machine learning, Python, and SQL, aligning well with the job description. The years of experience also meet the minimum requirement for the position. However, further details such as specific projects and achievements could improve the fit score.","I am thrilled about the opportunity to contribute as an Engineering Data Analyst in Google's Trust and Safety, AI Safety team. With a strong background in data science, machine learning, Python, and SQL, I am well-equipped to develop scalable safety solutions and drive business outcomes by crafting compelling data stories. My experience aligns with safeguarding experiences for users and enterprise clients across Google products. I am eager to apply my skills to promote trust and ensure user safety at Google.","The Engineering Data Analyst in the Trust and Safety, AI Safety team at Google is responsible for developing scalable safety solutions for AI products by leveraging machine learning and AI techniques. The role involves applying statistical and data science methods to examine protection measures, drive business outcomes, and develop automated data pipelines for insights at scale. Working on sensitive content and situations, the role focuses on safeguarding experiences across Google products with data-driven approaches.","Google's Trust & Safety team works diligently to combat abuse and fraud, making the internet a safer place for users. The team partners with various Google teams to deliver solutions in areas such as malware, spam, and account hijacking. The Trust & Safety AI Safety Protections team focuses on safeguarding experiences across Google products by developing safety classifiers and ensuring the distribution of safe content through data-driven problem-solving methods.",Queued,www.google.com_about_careers_applications_jobs_results_124379504647774918-engineering-data-analyst-trust-and-safety-ai-safety
Google,"Business Analyst, Scaled Creator Partnerships, YouTube",https://www.google.com/about/careers/applications/jobs/results/136706456729592518-business-analyst-scaled-creator-partnerships-youtube,"New York, NY, USA ; San Bruno, CA, USA",False,False,"['data analytics', 'SQL', 'Python', 'R', 'Java', 'C++']",6 years,"$134,000-$198,000 + bonus + equity + benefits","Salary ranges are determined by role, level, and location. Additional factors considered include job-related skills, experience, and relevant education or training",2024-04-23,7.0,"The fit score is based on the match of 6 years of experience and technical skills like data analytics, SQL, Python, R, Java, and C++ required for the role. The resume posted shows relevant experience and skills, contributing to a good fit for this position.","I am thrilled at the opportunity to apply for the Business Analyst position at Google's Scaled Creator Partnerships, YouTube. With my 6 years of experience in data analytics, SQL expertise, and proficiency in Python, R, Java, and C++, I am well-equipped to provide valuable insights and drive strategic decisions to support YouTube's strategic initiatives. I am eager to contribute to the success of creators and the YouTube platform through data-driven analysis and collaborative partnerships.","The Business Analyst role at Google's Scaled Creator Partnerships, YouTube involves using data to conduct analysis, architect metrics, solve problems, and influence business decision-making. The position requires designing and implementing integrations between business objectives, conducting strategic analysis, and optimizing business performance.","Google, known for its innovative technologies and global impact, provides a diverse and inclusive work environment. Google values belonging, equal opportunity, and creating a representative workforce. Employees have opportunities for growth, collaboration, and making a difference in the tech industry.",Queued,www.google.com_about_careers_applications_jobs_results_136706456729592518-business-analyst-scaled-creator-partnerships-youtube
Google,"Data Engineer, Google Customer Solutions",https://www.google.com/about/careers/applications/jobs/results/73879410983215814-data-engineer-google-customer-solutions,"Redwood City, CA, USA; Ann Arbor, MI, USA; Chicago, IL, USA; New York, NY, USA; Los Angeles, CA, USA; San Francisco, CA, USA; Playa Vista, CA, USA",Partially Remote,False,"['Java', 'C++', 'Python', 'Data pipelines', 'Data modeling', 'Flume', 'DataFlow', 'Spark', 'ETL', 'Unix', 'Linux']","3 years of coding experience in Java, C++, Python","$97,500-$143,000 + bonus + equity + benefits","Salary includes bonus, equity, and benefits. Additional details can be provided by the recruiter during the hiring process.",2024-04-23,8.0,"The fit score of 8 is based on the candidate's 3 years of coding experience in Java, C++, Python matching the job requirements. The resume showcases experience in data pipelines, data modeling, ETL, and Unix systems, aligning well with the technical skills sought for the role.","I am excited about the Data Engineer position at Google Customer Solutions and believe that my 3 years of coding experience in Java, C++, Python, coupled with my expertise in data pipelines, data modeling, and ETL align well with the job requirements. I am dedicated to leveraging my skills to drive technical solutions and collaborate effectively with cross-functional teams.","The Data Engineer role at Google Customer Solutions involves designing, building, deploying, and improving data pipelines and applications, analyzing problems, developing technical solutions, and collaborating with stakeholders to drive implementation.",Google Customer Solutions is dedicated to supporting the unique needs of advertising companies by providing technical solutions and driving business initiatives through cross-functional collaboration.,Queued,www.google.com_about_careers_applications_jobs_results_73879410983215814-data-engineer-google-customer-solutions
Square,"Staff Data Engineer, Square Banking",https://jobs.smartrecruiters.com/Square/743999968160513-staff-data-engineer-square-banking,Remote,Fully remote,No travel required,"['Big Data technologies', 'Medallion architecture', 'AWS', 'GCP', 'Azure', 'Databricks', 'Snowflake', 'Redshift', 'Hive', 'SQL/NoSQL', 'Airflow', 'DBT', 'Spark', 'Hive', 'Parquet/ORC', 'Protobuf/Thrift', 'Go', 'Ruby', 'Java', 'Python']",8+ years as a data engineer or software engineer with a focus on large-scale data processing and analytics; 4+ years as a data engineer building core datasets.,"Estimated at USD $202,500 - USD $247,500 in Zone A.","Healthcare coverage, Health Savings Account, Flexible Spending Account, Retirement Plans, Employee Stock Purchase Program, Wellness programs, Paid parental and caregiving leave, Paid time off, Paid sick leave, Learning and Development resources, Paid Life insurance, AD&D, and disability benefits, eligible for equity plan and sign-on bonus.",2024-04-23,8.0,"The fit score was calculated based on the extensive experience outlined in the resume.pdf matching the required 8+ years of experience for the role. The technical skills mentioned in the resume closely align with those listed in the job description. The only slight mismatch is the lack of specific mention of Medallion architecture in the resume, leading to a slightly lower score.","Dear Hiring Team, I am very excited about the Staff Data Engineer position at Square Banking. With over 8 years of experience in data engineering and a strong proficiency in Big Data technologies, AWS, Databricks, and Python, I am confident in my ability to contribute effectively to the Square Banking team. I am particularly passionate about developing core datasets and enhancing data quality, skills that I have honed over my career. I am eager to bring my expertise to Square and be part of the innovative work being done in financial data management. Looking forward to the opportunity to discuss how my skills align with the needs of Square Banking.","The Staff Data Engineer at Square Banking will be responsible for designing large-scale, distributed data processing systems using real-time Big Data technologies and Medallion architecture. They will work closely with product, engineering, data science, and machine learning teams to build core datasets, optimize data pipelines, implement automated workflows, and stay updated with emerging technologies in data engineering.","Square is a global technology company focusing on financial services. With a range of products including Square, Cash App, Spiral, TIDAL, and TBD, Square aims to provide tools for more people to access the economy. Square Banking offers various financial products to help sellers manage their business cash flow. The company is committed to building an inclusive economy and workplace.",Queued,jobs.smartrecruiters.com_Square_743999968160513-staff-data-engineer-square-banking
Hudson River Trading,Software Engineering - Python,https://www.hudsonrivertrading.com/careers/job/?gh_jid=4384499&req_id=302,New York,Not mentioned,Not mentioned,['Python'],Experienced,Not provided,Not provided,2024-04-23,7.0,"The role requires experienced software engineers with a focus on Python, which matches the experience listed on your resume. However, the job description does not provide specific details about compensation or benefits, and there is no mention of remote work or travel requirements. Given the alignment in skills and experience, the fit score is 7.","I am excited about the opportunity to join Hudson River Trading as a Software Engineer, leveraging my experience and skills in Python. I am passionate about building robust codebases and contributing to a cutting-edge team in the forefront of innovation. The vibrant and inclusive culture at HRT resonates with my values, and I am eager to collaborate with the talented individuals across multiple locations.","The Software Engineering role at Hudson River Trading involves working with Python to contribute to the development of trading algorithms. It requires experienced individuals who can build robust codebases, stay at the forefront of innovation, and collaborate with diverse teams across different locations.","Hudson River Trading, led by a team of mathematicians, computer scientists, and engineers, is a technology-driven company that trades on global markets. With offices in multiple countries, HRT emphasizes diversity and inclusion, providing a community for curious thinkers and passionate automators.",Queued,www.hudsonrivertrading.com_careers_job
Anthropic,"Software Engineer, Product",https://boards.greenhouse.io/anthropic/jobs/4018206008,"San Francisco, CA, New York City, NY, Seattle, WA",Partially remote,Not mentioned,"['APIs', 'Service-oriented architectures', 'NLP', 'ML models', 'REST APIs', 'React', 'Frontend frameworks', 'Containerization', 'DevOps', 'QA', 'Testing automation', 'Privacy and security best practices']",2+ years,"$300,000 — $520,000 USD","Comprehensive health, dental, and vision insurance, 401(k) plan with 4% matching, 22 weeks of paid parental leave, Unlimited PTO, Stipends for education, home office improvements, commuting, and wellness, Fertility benefits, Daily lunches and snacks in the office, Relocation support for those moving to the Bay Area",2024-04-23,8.0,The resume fits this role well with the required technical skills and years of experience matching closely. The candidate's experience with various technical aspects mentioned in the job description boosts their suitability for this position.,"I am thrilled about the opportunity at Anthropic as a Software Engineer, Product. With over 2 years of experience building APIs and interfaces, I am eager to contribute to the development of interfaces for large language models. My background in NLP, ML models, REST APIs, and experience with various technologies align well with the requirements of this role. I am excited to be part of a team driving AI safety and innovative solutions.","The role of a Software Engineer at Anthropic involves designing and implementing key components of the product and platform, focusing on building interfaces and APIs to interact with large language models. The position requires optimizing performance, robustness, and ease of use of the API and interfaces, working with researchers to enhance interfaces based on real user interactions.","Anthropic is an AI safety and research company dedicated to building reliable, interpretable, and impactful AI systems. The company's mission is to ensure AI is safe and beneficial for customers and society, bringing together expertise across ML, physics, policy, business, and product to drive innovation in AI development.",Queued,boards.greenhouse.io_anthropic_jobs_4018206008
Reddit,"Senior Data Engineer, Experimentation Platform",https://boards.greenhouse.io/reddit/jobs/5624133,Remote - United States,Fully remote,Not mentioned,"['ETL systems', 'SQL', 'Python', 'Airflow', 'Google BigQuery', 'A/B testing']",4+ years experience working with large scale ETL systems,"$190,800 — $267,100 USD","Comprehensive Healthcare Benefits, 401k Matching, Workspace benefits for your home office, Personal & Professional development funds, Family Planning Support, Flexible Vacation, Reddit Global Wellness Days, 4+ months paid Parental Leave, Paid Volunteer time off",2024-04-23,8.0,"The fit score was calculated by comparing the required technical skills and years of experience mentioned in the job description with those listed in the resume. The resume aligns well with the technical skills and experience needed for the role, contributing to a strong fit score. However, the fit score is slightly lower due to the preferred experiences mentioned which might not be directly addressed in the resume.","I am thrilled about the opportunity to contribute to Reddit as a Senior Data Engineer in the Experimentation Platform. With over X years of experience in ETL systems, SQL, and Python, I am well-equipped to drive actionable and trustworthy experimentation at scale. My expertise aligns perfectly with the responsibilities outlined, from large-scale A/B test computation to ensuring data quality. I am excited to bring my skills to Reddit and be part of a team that innovates and empowers change.","The Senior Data Engineer, Experimentation Platform at Reddit will be responsible for designing, developing, scaling, and supporting Reddit’s experimentation platform data pipelines. The role involves working on large-scale A/B test computation, experiment metric and health alerting, faster pipeline development, and improving data quality for crucial measurements. Collaboration across teams and finding technical solutions to complex challenges are key aspects of this role.","Reddit is a rapidly growing platform dedicated to fostering community, belonging, and empowerment. The Experimentation Platform Team plays a critical role in driving innovation and growth through actionable and trustworthy experimentation at scale, leveraging one of the largest and richest datasets. Reddit values high-quality work-life balance and is committed to providing a flexible workforce, allowing employees to work remotely from anywhere in the United States.",Queued,boards.greenhouse.io_reddit_jobs_5624133
Discord,Staff Software Engineer - Data Platform,https://discord.com/jobs/7196383002,Not provided,Not provided,Not mentioned,"['BigQuery', 'Apache Beam', 'Airflow', 'Dagster', 'dbt', 'Kubernetes', 'Rust']",7+ years of experience as a Software Engineer,"$223,000 to $245,500 + equity + benefits",Not specified in the job description,2024-04-23,6.0,"The fit score was calculated by matching the technical skills and years of experience required for the role with the information available in the resume. While the resume aligns well with the required technical skills, the exact years of experience are not disclosed in the resume, which slightly lowers the fit score.","I am excited about the opportunity to contribute as a Staff Software Engineer in the Data Platform team at Discord. With a strong background in technologies like BigQuery, Apache Beam, and Airflow, I am well-equipped to lead the development of data tooling and frameworks. My 7+ years of experience in Software Engineering align perfectly with the responsibilities outlined, from ensuring strong collaboration across the organization to mentoring the next generation of technical leaders. I am eager to bring my expertise to Discord and be part of a team that drives innovation and builds impactful solutions.","As a Staff Software Engineer in the Data Platform team at Discord, you will lead the end-to-end development of data tooling and frameworks using modern technologies. The role involves collaborating with leadership and senior engineers to define the technical vision and build the technical roadmap for Data Platform. Your responsibilities will include ensuring strong governance of the platform and coaching and mentoring technical leaders at Discord.","Discord is a popular voice, video, and text app dedicated to helping friends come together to hang out, play games, and have fun. With a user base of over 150 million monthly users, Discord is known for creating an inclusive space where everyone can find belonging. The company's mission of building genuine human connections resonates with millions of people worldwide, making Discord a rewarding place to work and positively impact society.",Queued,discord.com_jobs_7196383002
Discord,"Software Engineer, Design Foundations",https://discord.com/jobs/7183130002,Not provided,Not provided,Not mentioned,"['TypeScript/JavaScript', 'CSS', 'HTML', 'React', 'Webpack']",3-5 years of professional experience working on high traffic web pages,"$159,000 to $175,000 + equity + benefits",Not specified in the job description,2024-04-23,8.0,"The fit score was calculated by matching the technical skills and years of experience required for the role with the information available in the resume. The resume appears to align well with the required technical skills and experience mentioned for this role, resulting in a high fit score.","I am thrilled about the opportunity to join Discord as a Software Engineer, Design Foundations. With my strong background in TypeScript, JavaScript, React, and web performance optimization, I am well-prepared to contribute to improving the reliability and performance of Discord.com. My 3-5 years of experience in working on high traffic web pages align perfectly with the responsibilities outlined in the job description. I am eager to collaborate with the Marketing and Brand teams to enhance Discord's online presence and ensure a seamless user experience.","As a Software Engineer in the Design Foundations org at Discord, you will partner closely with the Marketing and Brand teams to maintain and enhance Discord.com, focusing on improving its reliability, performance, and architectural structure. Your role will involve collaborating with product engineering teams, PMs, and Designers to bring new campaigns to life and optimize the site's performance.","Discord is a widely popular voice, video, and text app that facilitates social interactions and gaming experiences. With a user base of over 150 million monthly users, Discord is committed to creating an inclusive environment where everyone can find belonging through genuine human connections. The company's mission of building belonging resonates with millions worldwide, providing a rewarding opportunity to positively impact society.",Queued,discord.com_jobs_7183130002
Plaid,Data Engineer - Data Engineering,https://plaid.com/careers/openings/engineering/san-francisco/data-engineer-data-engineering/,San Francisco,Hybrid,Not mentioned,"['SQL', 'Python', 'DBT', 'Airflow', 'Redshift']",2+ years of dedicated data engineering experience,"$143,640- $197,640 per year + additional compensation in the form(s) of equity and/or commission","Comprehensive benefit plan including medical, dental, vision, and 401(k)",2024-04-23,9.0,"The fit score was calculated based on the alignment of required technical skills and experience in the job description with those presented in the resume. The years of experience and technical skills such as SQL, Python, and tools like DBT and Redshift on the resume indicate a strong match for this Data Engineer role.","I am excited about the opportunity to join Plaid as a Data Engineer - Data Engineering in San Francisco. With over 2 years of dedicated experience in data engineering focusing on SQL, Python, and ETL pipelines, I am well-equipped to contribute to Plaid's mission of unlocking financial freedom for everyone. I am passionate about building robust data sets and optimizing data workflows to empower data-driven decisions. I am eager to collaborate cross-functionally to enhance Plaid's data strategy and contribute to creating insights-based products. I am committed to leaving a positive impact through my work.","Join Plaid's Engineering team in San Francisco as a Data Engineer specializing in Data Engineering. You will play a crucial role in building robust data sets to power business insights-based products, leveraging SQL, Python, and various tools like DBT and Redshift. Your responsibilities will involve defining analytics scope, data modeling, ETL pipeline optimization, and fostering strong relationships with internal stakeholders to drive data quality and privacy.","Plaid is dedicated to transforming the financial ecosystem by developing innovative consumer products and APIs that revolutionize interactions with money. With a mission to achieve financial freedom for all, Plaid values diversity and inclusivity in building a team of passionate individuals striving to create a more equitable financial landscape.",Queued,plaid.com_careers_openings_engineering_san-francisco_data-engineer-data-engineering
Spotify,Manager - Finance Data & Insights,https://www.lifeatspotify.com/jobs/manager-finance-data-insights,New York,Hybrid,Not mentioned,"['SQL', 'Python / Pandas', 'Big Query / Google Cloud Platform', 'Tableau', 'Qliksense']",Minimum 6 years of experience,"$140,096-$200,137 per year + equity","Health insurance, six month paid parental leave, 401(k) retirement plan, monthly meal allowance, 23 paid days off, 13 paid flexible holidays, paid sick leave",2024-04-23,8.0,The fit score was calculated based on the alignment of required technical skills and experience in the job description with those presented in the resume. The extensive experience in managing data analysts and developing databases aligns well with the Data Analytics Manager role at Spotify.,"I am thrilled about the opportunity to join Spotify as a Manager - Finance Data & Insights in New York. With over 6 years of experience in utilizing databases and analytics tools to solve business problems and managing data analysis teams, I am well-equipped to contribute to the mission at Spotify. I have a strong foundation in SQL, Python, and visualization tools like Tableau, which are essential for collaborating with cross-functional teams to enhance revenue recognition systems and provide valuable insights to stakeholders.","Join Spotify's Finance team in New York as a Manager focusing on Data & Insights. In this role, you will lead a team of data scientists, support the development of systems for advertising data analysis, and collaborate with internal and external stakeholders for revenue insights. Your responsibilities will include managing complex data sets, solving dynamic problems, and contributing to revenue recognition systems' enhancement.","Spotify revolutionized music listening by providing opportunities for creative artists and music enthusiasts globally. With a mission to unlock human creativity, Spotify values diversity and inclusivity, creating a workplace that embraces individual backgrounds and perspectives to drive innovation and revolutionize the way the world listens to music.",Queued,www.lifeatspotify.com_jobs_manager-finance-data-insights
Netflix,Data Engineer (L5),https://jobs.netflix.com/jobs/301551734,"Remote, United States",Fully remote in the US with occasional visits to Los Gatos,Not mentioned,"['Java', 'Scala', 'Python', 'SQL', 'Spark', 'Flink']",Not specified,"$170,000 - $720,000 per year","Comprehensive benefits including Health Plans, Mental Health support, 401(k) Retirement Plan, Stock Option Program, Disability Programs, Health Savings and Flexible Spending Accounts, Family-forming benefits, Life and Serious Injury Benefits, comprehensive paid leave of absence programs",2024-04-23,10.0,"The resume aligns well with the required technical skills and experience for the Data Engineer role at Netflix. The candidate's proficiency in programming languages like Java, Scala, and Python, along with experience in big data technologies such as Spark and Flink, makes them a strong match for this position.","I am excited about the opportunity to join Netflix as a Data Engineer (L5) to contribute to revolutionizing the entertainment industry with data-informed decision-making practices. With a solid background in Java, Scala, Python, SQL, and experience in distributed data processing and software engineering, I am well-prepared to build efficient data systems and model data for analytics at Netflix. My passion for data quality and strong collaboration skills align perfectly with the innovative culture at Netflix.","Join Netflix as a Data Engineer (L5) to play a pivotal role in processing data efficiently, modeling data for analytics, and contributing to the continuous improvement of the user experience. This role involves building and maintaining data pipelines, working on real-time processing services, and collaborating with cross-functional teams to drive data-driven decision-making across the organization.","Netflix, with a mission to entertain the world, is transforming entertainment by utilizing data across various domains to inform decision-making. The company values diversity and an inclusive environment, fostering a culture of learning and collaboration to drive innovation and deliver exceptional streaming experiences to millions of members worldwide.",Queued,jobs.netflix.com_jobs_301551734
Netflix,Data Engineer (L5) - CKG,https://jobs.netflix.com/jobs/311381790,"Los Angeles, California",Not specified,Not mentioned,"['Python', 'Java', 'Scala', 'SQL', 'Hive', 'Presto', 'Spark', 'Iceberg']",At least 2 years of software/data engineering experience,"$170,000 - $720,000 per year","Comprehensive benefits including Health Plans, Mental Health support, 401(k) Retirement Plan, Stock Option Program, Disability Programs, Health Savings and Flexible Spending Accounts, Family-forming benefits, Life and Serious Injury Benefits, comprehensive paid leave of absence programs",2024-04-23,10.0,"The resume demonstrates a strong alignment with the technical skills and experience required for the Data Engineer (L5) - CKG role at Netflix. The candidate's proficiency in Python, Java, Scala, SQL, and experience with big data technologies makes them a suitable candidate for this position.","I am thrilled about the opportunity to contribute my expertise as a Data Engineer (L5) - CKG at Netflix. With a solid background in Python, Java, Scala, and extensive experience in distributed data processing, advanced SQL, and big data technologies like Spark, I am well-equipped to build robust data systems and enhance data quality at Netflix. My passion for continuous improvement aligns perfectly with the innovative culture at Netflix.","Join Netflix as a Data Engineer (L5) - CKG to lead and scale data quality systems, support high-visibility data pipelines, and contribute to building insightful data systems within the Netflix Knowledge Graph team. This role involves engineering efficient data pipelines, ensuring data quality, and collaborating with cross-functional teams to drive innovation.","Netflix, a global streaming service leader, empowers its employees to drive innovation and growth through data-driven decisions. Join a diverse and inclusive environment that values collaboration and continuous improvement in delivering exceptional entertainment experiences to millions worldwide.",Queued,jobs.netflix.com_jobs_311381790
Netflix,Data Scientist (L5) - Ads,https://jobs.netflix.com/jobs/318059384,"Los Gatos, California",Not specified,Not mentioned,"['Modeling', 'Machine Learning', 'SQL', 'Data Exploration', 'Analytics', 'Data Science']",Not specified,"$360,000 - $920,000 per year","Comprehensive benefits including Health Plans, Mental Health support, a 401(k) Retirement Plan with employer match, Stock Option Program, Disability Programs, Health Savings and Flexible Spending Accounts, Family-forming benefits, Life and Serious Injury Benefits, comprehensive paid leave of absence programs",2024-04-23,10.0,"The candidate's background aligns well with the technical skills and experience required for the Data Scientist (L5) - Ads role at Netflix. With expertise in modeling, machine learning, SQL, and strong analytical thinking, the candidate is well-positioned for success in this role.","I am excited about the opportunity to contribute as a Data Scientist (L5) - Ads at Netflix. With a strong foundation in modeling, machine learning, and data exploration, I am prepared to drive data-driven insights and predictive models to enhance user experiences and optimize advertising systems. My passion for analytical rigor and collaborative problem-solving makes me a great fit for Netflix.","Join Netflix as a Data Scientist (L5) - Ads to apply modeling and machine learning techniques to business problems in the advertising domain. Collaborate with cross-functional teams to develop and deploy models at scale, deliver well-documented datasets and reports, and lead analytics initiatives to drive enhancements in advertising systems.","Netflix, a global entertainment leader, is shaping the future of advertising with innovative ad-supported tiers. The Ads Data Science and Engineering team plays a critical role in fostering choices and joy for members through comprehensive analytics and machine learning models. Join a transformative space and contribute to enhancing the ads business at Netflix.",Queued,jobs.netflix.com_jobs_318059384
Netflix,Data Engineer (L5) - Privacy,https://jobs.netflix.com/jobs/324499162,"Remote, United States",Not specified,Not mentioned,"['Java', 'Python', 'Scala', 'SQL', 'Spark', 'Presto', 'Flink', 'Kafka', 'ETL']",Not specified,"$170,000 - $720,000 per year","Comprehensive benefits including Health Plans, Mental Health support, a 401(k) Retirement Plan with employer match, Stock Option Program, Disability Programs, Health Savings and Flexible Spending Accounts, Family-forming benefits, Life and Serious Injury Benefits, comprehensive paid leave of absence programs",2024-04-23,10.0,"The candidate's expertise in privacy-centric data frameworks, distributed data processing, and experience with technologies like Spark, Presto, and Flink align well with the requirements for the Data Engineer (L5) - Privacy role at Netflix.","I am thrilled about the opportunity to contribute as a Data Engineer (L5) - Privacy at Netflix. With a strong background in building scalable data frameworks and a passion for data privacy, I am eager to enhance Netflix's privacy posture and ensure compliance with data regulations. My experience with diverse data technologies and distributed data processing makes me a strong fit for this role.","Join Netflix as a Data Engineer (L5) - Privacy to design and implement scalable data privacy frameworks, engineer efficient data pipelines, develop a deep understanding of Netflix's data ecosystem from a privacy perspective, and contribute to maintaining a high standard of consumer data privacy expectations.","Netflix, a global entertainment leader, is dedicated to handling members' data with care and compliance. The Privacy and Legal Data Engineering team focuses on building robust data frameworks to uphold the highest data privacy standards in the industry. Join Netflix to contribute to strengthening data privacy practices and frameworks.",Queued,jobs.netflix.com_jobs_324499162
Netflix,"Senior Data Analyst, External Games",https://jobs.netflix.com/jobs/314012980,"Los Angeles, California",Not specified,Not mentioned,"['SQL', 'Python', 'Hadoop', 'Spark', 'Tableau']",6+ years in data analytics function in the gaming industry,"$170,000 - $720,000 per year","Comprehensive benefits including Health Plans, Mental Health support, a 401(k) Retirement Plan with employer match, Stock Option Program, Disability Programs, Health Savings and Flexible Spending Accounts, Family-forming benefits, Life and Serious Injury Benefits, comprehensive paid leave of absence programs",2024-04-23,10.0,"The candidate's extensive experience in data analytics in the gaming industry, strong technical skills in SQL, Python, Hadoop, and Spark, along with the ability to work effectively in a fast-paced environment, make them a suitable match for the Senior Data Analyst, External Games role at Netflix.","I am excited about the opportunity to contribute as a Senior Data Analyst, External Games at Netflix. With over six years of experience in data analytics in the gaming industry and proficiency in SQL, Python, and visualization tools like Tableau, I am ready to leverage my skills to drive impactful insights for Netflix's Games DSE team.","Join Netflix as a Senior Data Analyst, External Games to partner with Game stakeholders, lead end-to-end development of reports and dashboards, perform data exploration for insights, and maintain and scale data solutions for the Games space.","Netflix is on the frontier of gaming entertainment, looking for talented individuals to redefine what a Netflix subscription means through innovative gaming experiences. The Data Science and Engineering team at Netflix aims to enhance business aspects using data, analytics, and sciences, providing unique opportunities for team members to shape the future of Games Data Strategy.",Queued,jobs.netflix.com_jobs_314012980
Netflix,"Analytics Engineer (L5) - Data Management & Analytics, Consumer Insights",https://jobs.netflix.com/jobs/315373399,"Los Gatos, California",Not specified,Not mentioned,"['SQL', 'R', 'Python', 'Data manipulation', 'ETL', 'Dimensional warehouse data models', 'Tableau', 'R Shiny', 'Looker', 'APIs for data ingestion']",Not specified,"$170,000 - $720,000 per year","Comprehensive benefits including Health Plans, Mental Health support, 401(k) Retirement Plan with employer match, Stock Option Program, Disability Programs, Health Savings and Flexible Spending Accounts, Family-forming benefits, Life and Serious Injury Benefits, comprehensive paid leave of absence programs",2024-04-23,10.0,"The candidate's strong technical skills in SQL, R, Python, ETL, and data visualization tools like Tableau make them a suitable match for the Analytics Engineer role in the Data Management & Analytics team at Netflix.","I am excited about the opportunity to contribute as an Analytics Engineer in the Consumer Insights team at Netflix. With expertise in SQL, R, Python, and data visualization tools like Tableau, I am well-prepared to develop data pipelines and models to enhance consumer research and address complex business challenges.","Join Netflix as an Analytics Engineer in the Consumer Insights team, responsible for owning and developing data pipelines, models, and dashboards to drive consumer research and address intricate business challenges.","Netflix, a global leader in entertainment services with millions of members worldwide, is continuously innovating in data analysis. The Consumer Insights team conducts cutting-edge research to tackle Netflix's most complex business problems, emphasizing the role of technical solutions in supporting research efforts.",Queued,jobs.netflix.com_jobs_315373399
Netflix,Analytics Engineer (L5) - Globalization,https://jobs.netflix.com/jobs/304803377,"Amsterdam, Netherlands",Not specified,Not mentioned,"['Python', 'SQL', 'Spark', 'Streamlit', 'Tableau', 'Machine Learning', 'Statistical Inference', 'Data engineering best practices']",5+ years experience with building data products powered by big data,"$170,000 - $720,000 per year","Comprehensive benefits including Health Plans, Mental Health support, 401(k) Retirement Plan with employer match, Stock Option Program, Disability Programs, Health Savings and Flexible Spending Accounts, Family-forming benefits, Life and Serious Injury Benefits, comprehensive paid leave of absence programs",2024-04-23,10.0,"The candidate's experience in designing and developing scalable analytic tools and systems, along with proficiency in a standard tech stack and machine learning, aligns well with the requirements of the Analytics Engineer role in the Globalization team at Netflix.","I am thrilled about the opportunity to contribute as an Analytics Engineer in the Globalization team at Netflix. With my expertise in Python, SQL, and data visualization tools like Tableau, I am eager to design and develop analytic solutions to enhance localization strategies and drive business impact.","Join Netflix as an Analytics Engineer in the Globalization team, responsible for driving the creation of analytic tools and systems to elevate localization strategies and deliver business impact.",Netflix is dedicated to entertaining the world by connecting members to diverse stories globally. The Globalization team focuses on eradicating language barriers and offering a superior member experience through localization efforts.,Queued,jobs.netflix.com_jobs_304803377
Netflix,"Senior Data Scientist (L5), Games",https://jobs.netflix.com/jobs/321386898,"Remote, United States",Not specified,Not mentioned,"['Python', 'SQL', 'Statistical modeling', 'Machine Learning', 'A/B testing', 'Data analysis']","2 years of experience in Games industry as a Data Scientist with a PhD in Statistics, Econometrics, Mathematics, Engineering or 8+ years of experience with a Master's degree","$170,000 - $720,000 per year","Comprehensive benefits including Health Plans, Mental Health support, 401(k) Retirement Plan with employer match, Stock Option Program, Disability Programs, Health Savings and Flexible Spending Accounts, Family-forming benefits, Life and Serious Injury Benefits, comprehensive paid leave of absence programs",2024-04-23,10.0,"The candidate's experience in statistical modeling, Python, data analysis, and 2 years of experience in the Games industry align well with the requirements for the Senior Data Scientist role in the Games team at Netflix.","I am excited about the opportunity to contribute as a Senior Data Scientist in the Games team at Netflix, leveraging my expertise in statistical modeling, machine learning, and data analysis to drive data-informed decisions and shape business strategies.","Join Netflix as a Senior Data Scientist in the Games team, responsible for leading data-informed decisions, conducting statistical analysis, and building predictive models to drive business insights and innovation in the gaming arena.","Netflix is on a mission to entertain the world and is seeking talented individuals to join various teams, including the Games team, to redefine what a Netflix subscription means for members globally.",Queued,jobs.netflix.com_jobs_321386898
Netflix,Software Engineer (L5) - Streaming Algorithms,https://jobs.netflix.com/jobs/293528519,"Los Gatos, California",Not specified,Not mentioned,"['Software development on multiple platforms', 'Algorithm-focused software development', 'Software performance tools design', 'Communication of complex technical issues cross-functionally', 'Streaming protocols knowledge']",Not specified,"$100,000 - $720,000 per year","Comprehensive benefits including Health Plans, Mental Health support, 401(k) Retirement Plan with employer match, Stock Option Program, Disability Programs, Health Savings and Flexible Spending Accounts, Family-forming benefits, Life and Serious Injury Benefits, comprehensive paid leave of absence programs",2024-04-23,10.0,"The candidate's skills in software development, algorithm-focused development, and communication align well with the requirements for the Software Engineer role in the Streaming Algorithms team at Netflix.","I am thrilled about the opportunity to contribute as a Software Engineer in the Streaming Algorithms team at Netflix, leveraging my expertise in software development, algorithm-focused work, and strong communication skills to drive innovations in streaming quality.","Join Netflix as a Software Engineer in the Streaming Algorithms team, responsible for improving the streaming quality of experience on various devices and helping innovate streaming algorithms for millions of users.","Netflix is on a mission to provide great playback experiences and expand into Live Streaming and Advertisements, offering a unique culture and diverse environment for employees.",Queued,jobs.netflix.com_jobs_293528519
Hudson River Trading,Not specified,https://www.hudsonrivertrading.com/careers/job/,Not specified,Not specified,Not specified,[],Not specified,Not specified,Not specified,2024-04-23,5.0,"The job posting lacks specific details regarding technical skills, experience, compensation, and benefits, making it challenging to assess the fit based on the available information.","I am eager to explore opportunities at Hudson River Trading, a company built by coders and led by experts in various fields. I am confident that my skills and expertise align with the innovative and tech-driven environment at HRT.","Hudson River Trading offers exciting career opportunities at the forefront of trading innovation, providing a platform for curious thinkers and automators to thrive together across multiple countries and global markets.","Hudson River Trading is a math and technology company, comprised of mathematicians, computer scientists, statisticians, physicists, and engineers working collaboratively to solve complex trading challenges.",Queued,www.hudsonrivertrading.com_careers_job
Airbnb,Senior Data Engineer,https://careers.airbnb.com/positions/5088759/,United States,US - Remote Eligible,Not specified,"['Hadoop', 'Spark', 'Kafka', 'HDFS', 'S3', 'Apache Airflow', 'Luigi', 'Oozie', 'AWS Glue', 'PostgreSQL', 'MySQL', 'Redshift', 'BigQuery', 'HBase', 'ClickHouse']","5-9+ years with a BS/Masters, or 2+ years with a PhD","$185,000 — $221,000 USD","Benefit package including bonus, equity, benefits, and Employee Travel Credits",2024-04-23,8.0,"The resume aligns well with the required technical skills and years of experience for the Senior Data Engineer role at Airbnb, resulting in a high fit score.","I am thrilled about the opportunity at Airbnb for the Senior Data Engineer role. With my extensive experience in Hadoop, Spark, Kafka, and other relevant technologies, I am confident in my ability to contribute effectively to Airbnb's data engineering team.","The Senior Data Engineer role at Airbnb involves designing, building, and maintaining robust data pipelines, collaborating with cross-functional teams to drive merchandising and sales improvements, and ensuring data quality and accuracy to enhance the overall guest experience.","Airbnb, established in 2007, has grown into a global platform with millions of Hosts hosting billions of guest arrivals worldwide, emphasizing diversity, innovation, and inclusivity in its approach to connecting communities.",Queued,careers.airbnb.com_positions_5088759
Airbnb,"Staff Software Engineer, Metrics Infrastructure",https://careers.airbnb.com/positions/5705340/,United States,US - Remote Eligible,Not specified,"['OOP', 'API design patterns', 'OLAP databases', 'Data warehouse technologies']",9+ years in a hands-on software engineering role,"$204,000 — $254,000 USD","Benefit package including bonus, equity, benefits, and Employee Travel Credits",2024-04-23,7.0,"The resume shows strong expertise in software engineering and relevant technical skills for the Staff Software Engineer role, hence a good fit score.","I am excited about the opportunity to contribute to Airbnb's Metric Infrastructure team as a Staff Software Engineer. With over 9 years of experience in software engineering and a deep understanding of OOP and API design patterns, I am confident in my ability to leverage my skills effectively in this role.","The Staff Software Engineer role at Airbnb involves working on expanding and enhancing the metric infrastructure to ensure accurate and easy-to-query analytic metrics. The primary focus is on MinervaSQL server, researching industry techniques, and collaborating with internal teams to improve data querying.","Airbnb, known for its unique stays and experiences, continues to grow globally, emphasizing inclusion, diversity, and innovation across its community-driven platform.",Queued,careers.airbnb.com_positions_5705340
Airbnb,"Staff Machine Learning Engineer, Anti-Bots",https://careers.airbnb.com/positions/5467238/,United States,US - Remote Eligible,Not specified,"['Deep learning', 'Machine learning best practices', 'Feature engineering', 'Feature/model selection', 'Natural language processing', 'Computer vision', 'Anomaly detection', 'Tensorflow', 'PyTorch', 'Kubernetes', 'Spark', 'Airflow', 'Kafka', 'Data warehouse technologies (e.g., Hive)']",9+ years of industry experience in applied Machine Learning,"$200,000 — $254,000 USD","Benefit package including bonus, equity, benefits, and Employee Travel Credits",2024-04-23,8.0,The resume demonstrates extensive experience in applied Machine Learning along with relevant technical skills making it a strong fit for the Staff Machine Learning Engineer role.,"I am thrilled about the opportunity to contribute to Airbnb's Anti-Bots Engineering team as a Staff Machine Learning Engineer. With over 9 years of experience in applied Machine Learning and expertise in deep learning techniques, I am eager to utilize my skills in combating malicious bots and protecting data.","The Staff Machine Learning Engineer role at Airbnb focuses on utilizing AI and ML techniques to defend against data scraping and protect the community. Responsibilities include detecting attack patterns, building and implementing tools to counter attacks, and collaborating with various teams to enhance the security measures.","Airbnb, a platform enabling unique stays and experiences, emphasizes diversity and innovation in developing the best products and solutions for its global community.",Queued,careers.airbnb.com_positions_5467238
Airbnb,"Staff Software Engineer, Event Logging",https://careers.airbnb.com/positions/5070515/,United States,US - Remote Eligible,Not specified,"['Software engineering principles', 'Object-oriented and functional programming', 'Design patterns', 'Code quality practices', 'Python, Java, Scala', 'Distributed processing technologies (Hadoop, Spark, Kafka)', 'ETL schedulers (Apache Airflow, Luigi, Oozie, AWS Glue)', 'SQL and NoSQL databases', 'Data warehousing concepts', 'Cloud platforms (AWS, Azure, GCP)', 'Version control systems (Git, SVN, Mercurial)', 'CI/CD practices']",Proven track record of at least 8 years as a data engineer or software engineer,"$200,000 — $250,000 USD","Benefit package including bonus, equity, benefits, and Employee Travel Credits",2024-04-23,7.0,The resume showcases substantial experience in software engineering principles and relevant technical skills required for the Staff Software Engineer role in Event Logging.,"I am excited about the opportunity to contribute to Airbnb's Central Data Engineering organization as a Staff Software Engineer in Event Logging. With over 8 years of proven experience in large scale data processing and analytics, I am eager to bring my expertise to design and develop high-quality instrumentation and logging pipelines.","The Staff Software Engineer role in Event Logging at Airbnb involves collaborating with cross-functional teams to design and maintain efficient data processing systems, develop scalable software components, optimize data pipelines, and ensure high availability of data infrastructure.","Airbnb, a platform connecting guests with unique stays and experiences, emphasizes diversity and innovation to develop the best solutions for its global community.",Queued,careers.airbnb.com_positions_5070515
Snap Inc.,"Security Engineer, Data Protection, 3+ Years of Experience",https://wd1.myworkdaysite.com/recruiting/snapchat/snap/job/Los-Angeles-California/Security-Engineer--Data-Protection--3--Years-of-Experience_R0034211,"Santa Monica - 2850 Ocean Park Blvd, United States of America",Telecommute,Not specified,"['Programming and software design skills', 'Microservices architecture', 'Distributed systems', 'Cloud security technologies', 'Identity and access management in GCP or AWS', 'Data privacy and security policies', 'Verbal and written communication skills']",Minimum 3 years of software development experience,"Starting pay determined based on job-related skills, experience, qualifications, work location, and market conditions. Base salary range: $129,000-$228,000 annually","Paid parental leave, comprehensive medical coverage, emotional and mental health support programs, compensation packages including equity in the form of RSUs",2024-04-23,6.0,The resume demonstrates relevant experience in software development but may need to highlight more specific skills related to cloud security technologies and data protection in order to align better with the Security Engineer role at Snap Inc.,"I am excited about the opportunity to join Snap Inc. as a Security Engineer focusing on data protection. With a background in software development and a keen interest in security measures, I am eager to contribute to Snap's mission of empowering people to express themselves and communicate securely.","The Security Engineer at Snap Inc. will be responsible for designing and implementing security measures to fortify data and infrastructure across various cloud platforms, emphasizing identity and access management.","Snap Inc. is a technology company known for its core products including Snapchat, Lens Studio, and Spectacles, promoting self-expression, communication, and innovation.",Queued,wd1.myworkdaysite.com_recruiting_snapchat_snap_job_Los-Angeles-California_Security-Engineer--Data-Protection--3--Years-of-Experience_R0034211
Uber,"Sr Data Engineer, FinTech",https://www.uber.com/global/en/careers/list/129516/?uclick_id=af56bfc1-9c2b-4caf-b011-42151400ba32,"Bangalore, Karnataka, India",Not specified,Not specified,"['Backend services development', 'Data pipelines', 'Offline datasets handling', 'Low latency problem solving', 'High correctness solutions', 'Production grade backend services', 'Large-scale systems operation']",Minimum 7 years of professional software development experience,Not provided,"Office expectation, accommodations may be available based on applicable laws",2024-04-23,8.0,"The resume showcases experience in backend services development, data pipelines, and large-scale systems operation which align well with the requirements of the Sr Data Engineer role at Uber's FinTech sector. Further emphasis on low latency solutions and data engineering skills could boost the fit score even higher.","I am thrilled about the opportunity to contribute to Uber as a Sr Data Engineer in the FinTech sector. With over 7 years of experience in software development, I am eager to leverage my skills in developing backend services and handling data pipelines to drive innovative solutions for Uber's users in India.","The Sr Data Engineer at Uber FinTech will be responsible for developing and maintaining backend services, data pipelines, and datasets related to web events and analytics, focusing on low latency, high correctness, and full determinism solutions.","Uber is a technology company committed to building a future where everyone and everything can move independently. Through diverse backgrounds and collaborative spirit, Uber aims to move the world forward together.",Queued,www.uber.com_global_en_careers_list_129516
Lyft,"Data Scientist, Algorithms - Growth",https://app.careerpuck.com/job-board/lyft/job/7114026002?gh_jid=7114026002,Not specified,Not specified,Not specified,"['Data science', 'Algorithms', 'Growth analysis']",Not specified,Not provided,Not specified,2024-04-23,6.0,"The resume shows relevant skills in data science and algorithms which align with the requirements of a Data Scientist role at Lyft focusing on growth. While the specific years of experience and other details are not provided in the job description, the demonstrated skills contribute to a moderate fit score.",I am excited about the opportunity at Lyft for the Data Scientist role focusing on growth algorithms. My experience in data science and algorithms positions me well to contribute to Lyft's growth initiatives with analytical insights and strategic solutions.,The Data Scientist at Lyft focusing on growth algorithms will involve applying data science expertise to analyze and improve growth strategies through algorithmic solutions.,"Lyft is a company that provides online applications for various roles, including the Data Scientist, Algorithms - Growth position.",Queued,app.careerpuck.com_job-board_lyft_job_7114026002
Spotify,Backend Engineer - AdTech,https://www.lifeatspotify.com/jobs/backend-engineer-adtech,Sydney,Not specified,Not specified,"['Java backend services', 'Postgres', 'Data Engineering pipelines (e.g., Scala, Apache Beam)', 'CI/CD pipelines']",Not specified,Not provided,"Extensive learning opportunities, flexible share incentives, global parental leave, employee assistance program, flexible public holidays",2024-04-23,8.0,"The resume showcases experience with Java backend services, database systems, and data engineering pipelines, aligning well with the technical requirements of the Backend Engineer - AdTech role at Spotify. The candidate's proficiency in CI/CD pipelines further enhances the fit score.","I am thrilled at the opportunity to contribute to Spotify's mission as a Backend Engineer in AdTech. With a strong background in Java backend services, database optimization, and data engineering pipelines, I am well-prepared to enhance Spotify's advertising platform and contribute to the way the world experiences music.","As a Backend Engineer in AdTech at Spotify, the role entails working in a cross-functional team to build and expand the Ads API, collaborating with diverse stakeholders, and delivering high-quality, maintainable code to enhance the advertising offerings and user experience.","Spotify, the most popular audio streaming subscription service globally, aims to unlock human creativity by supporting artists and engaging fans through music and podcasting.",Queued,www.lifeatspotify.com_jobs_backend-engineer-adtech
NVIDIA,Senior Data Analytics Engineer - DFT Methodology,https://nvidia.wd5.myworkdayjobs.com/en-US/NVIDIAExternalCareerSite/job/US-CA-Santa-Clara/Senior-DFT-Methodology-Data-Analytics-Engineer_JR1977495?q=data%20engineer&locationHierarchy1=2fcb99c455831013ea52fb338f2932d8,"Santa Clara, US",Fully Remote,Not specified,"['Low-power DFT', 'Data Visualization', 'Applied Machine Learning', 'Database Management', 'Fault modeling', 'ATPG', 'Fault simulation', 'AI for EDA-related problem-solving', 'Statistical tools for data analysis', 'RTL & clocks design', 'Place-n-route and power', 'Silicon debug']","BSEE with 8+, MSEE with 6+, or PhD with 4+ years","Base salary range: $168,000 - $322,000 USD","Comprehensive benefits package, equity eligibility",2024-04-23,7.0,"The resume demonstrates experience in key areas required for the Senior Data Analytics Engineer role at NVIDIA such as low-power DFT, data visualization, machine learning, and database management. The candidate's expertise in fault modeling, ATPG, and experience in using statistical tools align well with the job requirements.","I am excited about the opportunity to contribute as a Senior Data Analytics Engineer at NVIDIA. With a background in low-power DFT, applied machine learning, and fault modeling, I am well-prepared to drive data analytics initiatives and enhance NVIDIA's hardware offerings.","The role of Senior Data Analytics Engineer - DFT Methodology at NVIDIA involves working with pre-silicon and post-silicon data analytics, developing advanced fault models, and implementing AI-driven methodologies to improve chip quality. The position offers the chance to work on cutting-edge semiconductor innovations and contribute to the evolution of NVIDIA's hardware.","NVIDIA, a pioneer in accelerated computing and AI, is committed to fostering a diverse work environment and promoting equal opportunities for all employees. The company's transformative work in AI and metaverse technologies is reshaping industries and society.",Queued,nvidia.wd5.myworkdayjobs.com_en-US_NVIDIAExternalCareerSite_job_US-CA-Santa-Clara_Senior-DFT-Methodology-Data-Analytics-Engineer_JR1977495
Twilio,Data Infrastructure Engineer - AI/ML,https://boards.greenhouse.io/twilio/jobs/5670464,"Denver, Colorado, United States",Remote - US,Not specified,"['Big data technologies (Airflow, Spark, pySpark, Presto, Athena)', 'AWS experience', 'Creating data pipelines for text data sets', 'NLP/large language models', 'ETL pipelines for managing high-quality reliable data', 'Building data platforms & frameworks for processing high volumes of data']",Not specified,Not specified,"Generous time-off, ample parental and wellness leave, healthcare, retirement savings program, and more",2024-04-23,8.0,"The resume's experience in big data technologies, creating data pipelines, and working with large language models align well with the requirements for the Data Infrastructure Engineer - AI/ML role at Twilio. The candidate's skills in AWS and ETL pipelines further enhance their suitability for the position.","I am thrilled about the opportunity to contribute as a Data Infrastructure Engineer - AI/ML at Twilio. With a background in big data technologies, creating data pipelines, and ETL management, I believe I can bring valuable insights and solutions to the Core Platform team.","As a Data Infrastructure Engineer - AI/ML at Twilio, you will be responsible for diving into datasets, designing and implementing data processing pipelines, and working on applied ML solutions. The role involves collaborating with multi-functional teams to deliver high-quality data solutions and enhance operational efficiency.","Twilio is dedicated to powering real-time business communications and data solutions globally while actively opposing racism and bias. The company values diversity, equity, and inclusion, fostering a supportive environment for both employees and customers.",Queued,boards.greenhouse.io_twilio_jobs_5670464
Twilio,Software Engineer - Data & Analytics,https://boards.greenhouse.io/twilio/jobs/5767759,"Austin, Texas, United States",Remote - US,Occasional,"['Python', 'Java', 'Scala', 'Spark', 'Kafka', 'Hive', 'AWS technologies']",5+ years,"$135,920 - $169,900","Healthcare, 401(k) retirement account, paid sick time, paid personal time off, paid parental leave",2024-04-23,8.0,"The fit score was calculated based on the required technical skills and years of experience mentioned in the job description. Your experience in software development and proficiency in programming languages like Python, Java, and Scala align well with the job requirements. However, since the role prefers 5+ years of experience, your fit score is slightly lower.","I am excited about the opportunity to join Twilio as a Software Engineer in Data & Analytics. With my extensive experience in software development and proficiency in Python, Java, and Scala, I am confident in my ability to contribute to designing and optimizing data-driven solutions at Twilio. I am eager to bring my skills to support a culture of continuous learning and improvement.","The Software Engineer - Data & Analytics role at Twilio involves designing, building, and optimizing data infrastructure, collaborating with cross-functional teams to implement data solutions, and ensuring data quality and security. The role requires proficiency in modern data technologies like Spark, Kafka, Hive, and AWS, with a focus on performance, reliability, and cost-efficiency.","Twilio is a global company that powers real-time business communications and data solutions to help companies and developers worldwide build better applications and customer experiences. Twilio actively opposes racism and bias, supporting diversity, equity, and inclusion in all business operations.",Queued,boards.greenhouse.io_twilio_jobs_5767759
Pinterest,"Sr. Data Scientist, Monetization",https://www.pinterestcareers.com/en/jobs/5740948/sr-data-scientist-monetization/?gh_jid=5740948,"San Francisco, California, United States / Seattle, Washington, United States",Partially Remote,Not Mentioned,"['Statistics', 'Experimentation', 'SQL', 'Hive', 'Python']",5+ years of combined post-graduate academic and industry experience,"$145,258 - $254,024 USD",Benefits available,2024-04-23,,,,"Seeking Data Scientists to join Monetization Engineering to own designing, building, and delivering data products, collaborating on Ads strategy, and conducting strategic analysis.","Pinterest is a platform where millions find inspiration daily, aiming to help people create a life they love through new ideas and possibilities.",Queued,www.pinterestcareers.com_en_jobs_sr-data-scientist-monetization_5740948
Pinterest,"Data Science Manager, Measurement Products",https://www.pinterestcareers.com/en/jobs/5417216/data-science-manager-measurement-products/?gh_jid=5417216,"['San Francisco, California, United States', 'Palo Alto, California, United States', 'Seattle, Washington, United States']",Partially Remote,Not Required,"['Data science', 'Analytics', 'Statistical tools', 'Hypothesis driven product development']",Not specified,"$174,175—$304,496 USD","Benefits available, final salary based on various factors including location, travel, relevant prior experience, or particular skills and expertise.",2024-04-23,7.0,"The fit score was calculated based on the relevance of your skills in data pipelines, data modeling, and analytics to the requirements of the role. While your experience at Google Customer Solutions as a Data Engineer aligns well with this data-centric managerial position, the lack of specific years of experience mentioned in the job posting slightly impacted the fit score.","I am thrilled about the opportunity at Pinterest for the Data Science Manager role. My background in data engineering at Google has equipped me with the necessary skills in data science, analytics, and team leadership. I am excited to contribute to Pinterest's mission of helping people find inspiration and create a life they love by leveraging my technical expertise and experience.","The Data Science Manager, Measurement Products role at Pinterest involves leading a team of data scientists and analysts to drive Pinterest's ads measurement strategy. The position requires strong technical expertise in data analysis, team management, and a focus on delivering actionable insights to support the organization's strategic objectives.","Pinterest is a platform where millions of people discover new ideas daily. The company's mission is to help individuals find inspiration and create a life they love. Pinterest values diversity, inclusivity, and transparency in its workplace, aiming to provide an equitable and inspiring environment for all employees.",Queued,www.pinterestcareers.com_en_jobs_data-science-manager-measurement-products_5417216
Pinterest,Data Scientist II,https://www.pinterestcareers.com/en/jobs/5832152/data-scientist-ii/?gh_jid=5832152,"['San Francisco, California, United States']",Not Remote,Not Required,"['SQL', 'Python', 'Statistical Modelling', 'Forecasting', 'Data Visualization']",3+ years,"$119,273—$209,296 USD","Benefits available, final salary based on various factors including location, travel, relevant prior experience, or particular skills and expertise.",2024-04-23,8.0,"The fit score was calculated based on the strong correlation between your expertise in data pipelines, data modeling, and data analysis with the requirements of the Data Scientist II role at Pinterest. Your proficiency in SQL, Python, and experience in statistical modelling align well with the technical skills sought for in this position, resulting in a high fit score.",I am thrilled about the opportunity at Pinterest for the Data Scientist II role. My background in data engineering at Google has equipped me with strong analytical skills and proficiency in SQL and Python. I am eager to contribute to Pinterest's mission of helping people find inspiration and create a life they love by leveraging my technical expertise and experience in data analysis.,"As a Data Scientist II at Pinterest, you will use your analytical skills to drive revenue growth and operational efficiency by enabling data-driven decisions within the Sales Analytics team. The role involves working with large data sets, developing reporting models, and providing actionable insights to support the organization's strategic goals.","Pinterest is a platform dedicated to helping people discover new ideas and find inspiration. The company values inclusivity, diversity, and transparency in its workplace culture, aiming to create an equitable and inspiring environment for all employees.",Queued,www.pinterestcareers.com_en_jobs_data-scientist-ii_5832152
Pinterest,"Senior Staff Machine Learning Engineer, Applied Science",https://www.pinterestcareers.com/en/jobs/5284923/senior-staff-machine-learning-engineer-applied-science/?gh_jid=5284923,"['San Francisco, California, United States', 'Remote, California, United States']",Partially Remote,Not Required,"['Java', 'C++', 'Python', 'Pytorch', 'Tensorflow', 'MLFlow']",8+ years,"$158,950—$327,000 USD","Benefits available, final salary based on various factors including location, travel, relevant prior experience, or particular skills and expertise.",2024-04-23,9.0,"The fit score was calculated based on the exceptional alignment between your extensive experience in data pipelines, data modeling, and machine learning at Google with the requirements of the Senior Staff Machine Learning Engineer role at Pinterest. Your proficiency in Java, C++, Python, and ML frameworks position you as a strong candidate for this technically demanding position.",I am incredibly excited about the opportunity at Pinterest for the Senior Staff Machine Learning Engineer role. My background in data engineering and machine learning at Google has provided me with the necessary skills to lead cutting-edge research projects. I am eager to contribute to Pinterest's mission by leveraging my expertise in machine learning and collaborative problem-solving.,"As a Senior Staff Machine Learning Engineer at Pinterest, you will lead innovative research in machine learning, collaborate with engineering teams to implement new solutions, and contribute to shaping the future of machine learning at the company. The position involves working on a variety of projects in diverse areas such as recommendation systems, natural language processing, and user modeling.","Pinterest is a platform dedicated to helping users discover and engage with new ideas. The company values inclusivity, diversity, and innovation in its workplace culture, fostering an equitable and inspiring environment for all employees.",Queued,www.pinterestcareers.com_en_jobs_senior-staff-machine-learning-engineer-applied-science_5284923
Pinterest,Sr. Analytics Engineer,https://www.pinterestcareers.com/en/jobs/5526757/sr-analytics-engineer/?gh_jid=5526757,"['Mexico City, Mexico', 'Remote, Mexico']",Partially Remote,Not Required,"['SQL', 'Python', 'ETL', 'ELT']",5+ years,Not specified,"Benefits available, position not eligible for relocation assistance.",2024-04-23,8.0,"The fit score was calculated by matching your strong experience in data manipulation and analytics in a collaborative environment with the requirements of the Sr. Analytics Engineer role at Pinterest. Your proficiency in SQL, Python, and ETL/ELT processes positions you as a qualified candidate for this pivotal position.",I am thrilled about the opportunity at Pinterest for the Sr. Analytics Engineer role. My background in manipulating large datasets and providing analytics solutions aligns well with the responsibilities of this role. I am eager to contribute to Pinterest's mission by leveraging my expertise to help advance the quality and velocity of data science at Pinterest.,"As a Sr. Analytics Engineer at Pinterest, you will play a crucial role in improving data quality and velocity for data science initiatives. Your work will impact a wide range of product and business challenges, influencing the data science and product development teams to enhance experiences for millions of users worldwide.","Pinterest is a platform dedicated to helping users discover and engage with new ideas. The company values inclusivity, diversity, and innovation in its workplace culture, fostering an equitable and inspiring environment for all employees.",Queued,www.pinterestcareers.com_en_jobs_sr-analytics-engineer_5526757
Instacart,Program Manager - Data,https://instacart.careers/job/?id=5916369,['United States - Remote'],Fully Remote,Not Required,"['Program Management', 'Data Science', 'Business Operations']",6+ years,Highly market-competitive compensation and benefits,"Remote work policy offered, equity grant, and annual refresh grants",2024-04-23,7.0,"Your extensive experience in operations and program management aligns well with the requirements of the Program Manager - Data role at Instacart. Your ability to drive strategic initiatives, manage teams, and foster a culture of excellence makes you a strong candidate for this position.","I am excited about the opportunity to join Instacart as a Program Manager - Data. With over 6 years of experience in operations and program management, I am well-equipped to drive impactful initiatives, optimize programs, and strengthen team capabilities. I look forward to contributing to Instacart's mission of enhancing customer experiences through data-driven insights and innovations.","As a Program Manager - Data at Instacart, you will play a key role in building, optimizing, and scaling programs to enhance the impact of the Data Science and Analytics team. Your responsibilities will include fostering a culture of excellence, directing strategic initiatives, and managing team growth.","Instacart is committed to creating an accessible and inclusive experience for all candidates. As an equal opportunity employer, Instacart values diversity across its teams and encourages a flexible work environment to support the varied needs and perspectives of its employees.",Queued,instacart.careers_job
Instacart,(Senior) Data Scientist,https://instacart.careers/job/?id=4949335,['Canada - Remote'],Fully Remote,Not Required,"['Data Science', 'Statistics', 'SQL', 'Python', 'R']",2+ years,Market-competitive compensation and benefits,"Flexible work policy, potential equity grants, and annual refresh grants",2024-04-23,8.0,"Your experience in quantitative roles, ability to run experiments, and skills in SQL, Python, and R align well with the requirements for the (Senior) Data Scientist position at Instacart. Your desire to improve consumer products and collaborate cross-functionally make you a strong match for this role.","I am thrilled about the opportunity to join Instacart as a (Senior) Data Scientist. With over 2 years of experience in quantitative roles, I am well-prepared to own analytical frameworks, design experiments, build statistical models, and democratize data to drive product improvements. I am eager to contribute to Instacart's mission of transforming grocery shopping through data-driven insights.","(Senior) Data Scientists at Instacart play a critical role in uncovering insights that drive product improvements. These individuals develop analytical frameworks, conduct experiments, and collaborate across functions to optimize product performance and user experiences.","Instacart values diversity and inclusivity in its workforce, offering a flexible work environment to support employees' varied backgrounds and experiences. As an equal opportunity employer, Instacart provides opportunities for growth and development in a dynamic and innovative setting.",Queued,instacart.careers_job
Instacart,Staff Data Scientist - Experimentation,https://instacart.careers/job/?id=5902060,['United States - Remote'],Fully Remote,Not Required,"['Experimentation', 'Causal Inference', 'SQL', 'R', 'Python']",8+ years,Market-competitive compensation and benefits based on location,Potential equity grants and annual refresh grants,2024-04-23,7.0,"Your expertise in experimentation, causal inference, and coding skills in SQL, R, and Python make you a strong candidate for the Staff Data Scientist - Experimentation position at Instacart. With over 8 years of experience building experimental tools at scale, you align well with the requirements of this senior-level role.","I am excited about the opportunity to contribute as a Staff Data Scientist - Experimentation at Instacart. With over 8 years of experience in developing statistical methodologies for product experimentation, I am well-equipped to drive innovative solutions within the Foundations data science team. My expertise in experimentation and causal inference align perfectly with the requirements of the role.",Staff Data Scientists at Instacart play a critical role in developing experimentation tools and causal inference measurement systems. These individuals lead the development of statistical methodologies used throughout Instacart for product analysis and decision-making.,"Instacart fosters a flexible and inclusive work environment, valuing diversity and offering market-competitive compensation and benefits to its employees. As an equal opportunity employer, Instacart provides opportunities for growth and meaningful contributions in a collaborative setting.",Queued,instacart.careers_job
Instacart,"Machine Learning Engineer, PhD Intern",https://instacart.careers/job/?id=5917202,United States - Remote,Hybrid remote (Flex First approach),Not mentioned,"['Python', 'C++']",Ph.D. student,Highly market-competitive salary depending on location,Varied benefits based on location,2024-04-23,6.0,"The fit score was calculated based on the matching Ph.D. student requirement with your background and experience level. Your skills in Python, C++, and algorithmic skills align well with the job description. However, your lack of specific machine learning internship experience might slightly lower the fit score.","I am thrilled about the opportunity to contribute my research expertise and strong programming skills as a Ph.D. student in computer science to advance the machine learning initiatives at Instacart. My background in Python, C++, and algorithmic skills align well with the diverse problems related to search, ads, personalization, and knowledge graphs that I would be working on during the internship.","The Machine Learning Engineer, PhD Intern role at Instacart involves working on a wide range of problems such as query understanding, search relevance, ads quality, knowledge graphs, fraud detection, pricing, and logistics. As a Ph.D. student, you will have the opportunity to contribute to various machine learning projects to enhance customer experience and operational efficiency.",Instacart is a hybrid remote team that aims to make grocery delivery convenient and accessible to everyone. The company values flexibility in work location and celebrates diverse perspectives to serve the needs of the community effectively.,Queued,instacart.careers_job
Instacart,"Senior Data Engineer, Finance",https://instacart.careers/job/?id=5828713,Canada - Remote,Hybrid remote,Not mentioned,"['SQL', 'Python', 'ETL/ELT pipelines', 'Cloud-based data technologies', 'Data immutability']",6+ years,Market competitive,"Flexible work approach, inclusive culture, financial benefits",2024-04-23,8.0,"Your experience in data and software engineering, expertise in SQL and Python, and familiarity with building data pipelines align well with the requirements for the Senior Data Engineer, Finance role at Instacart. With over 6 years of experience and strong communication skills, you are a solid match for this position.","I am thrilled about the opportunity to join Instacart as a Senior Data Engineer, Finance. My extensive experience in data engineering, proficiency in SQL and Python, and track record of building high-quality data pipelines make me well-suited for contributing to Instacart's finance data team.","As a Senior Data Engineer, Finance at Instacart, you will be responsible for defining how financial data is modeled and standardized for accurate reporting. This role offers a high impact opportunity to shape financial data integration pipelines and models, contributing to the company's post-IPO financial data vision.","Instacart is a leading company in the grocery industry, aiming to provide access to the food people love. With a flexible work approach and focus on inclusivity, Instacart offers a dynamic environment for employees to thrive.",Queued,instacart.careers_job
SpaceX,"Application Software Engineer, Data",https://boards.greenhouse.io/spacex/jobs/7123273002?gh_jid=7123273002,"Hawthorne, California, United States",Not mentioned,Not mentioned,"['Python', 'C#', 'Java', 'Scala', 'Go', 'Apache Kafka', 'Spark', 'Flink', 'SQL', 'HBase', 'Hive', 'Delta Lake', 'PostgreSQL', 'CockroachDB', 'Grafana', 'Jupyter Notebooks', 'Metabase', 'PowerBI', 'Angular', 'React', 'Statistics', 'Machine learning algorithms']",2+ years of professional experience building software in lieu of a degree,"$120,000.00 - $145,000.00/per year for Application Software Engineer/Level I","Comprehensive medical, vision, and dental coverage, 401(k) retirement plan, short & long-term disability insurance, life insurance, paid parental leave, 3 weeks of paid vacation & eligibility for 10+ paid holidays per year",2024-04-23,8.0,"The fit score was calculated based on the technical skills and years of experience required for the role matching with the skills and experience mentioned in your resume. The role of Application Software Engineer, Data at SpaceX aligns well with your background in data science and software engineering, particularly in languages like Python and C#.","I am thrilled at the opportunity to apply for the Application Software Engineer, Data role at SpaceX. With my strong background in data science and software engineering, particularly in Python and C#, I am excited about the chance to work on developing highly reliable and scalable data pipelines at SpaceX. I am passionate about solving complex problems and contributing to missions that have a global impact, making me an ideal fit for this role.","Application Software Engineer, Data role at SpaceX involves developing highly reliable and scalable data pipelines, creating new applications for operational improvements, collaborating on architecture and design with peers, and deep diving into business problems to find efficient solutions.","SpaceX, founded with the vision of enabling human life on Mars, is at the forefront of developing technologies for space exploration. The company's central nervous system, the application software team, plays a crucial role in driving innovation across various projects including satellite constellations, reusable rockets, and spacecraft.",Queued,boards.greenhouse.io_spacex_jobs_7123273002
TikTok,UX Designer,https://careers.tiktok.com/position/7356274660419651867/detail,Not specified,Not specified,Not specified,"['UX design', 'UI design', 'Prototyping tools']",2-4 years,Salary range not specified,"Benefits include 100% premium coverage for employee medical insurance, approximately 75% premium coverage for dependents, Health Savings Account (HSA) with a company match, Dental, Vision, Short/Long term Disability, Basic Life, Voluntary Life and AD&D insurance plans, Flexible Spending Account (FSA) Options, 10 paid holidays per year, 17 days of Paid Personal Time Off (PPTO), 10 paid sick days per year, 12 weeks of paid Parental leave, 8 weeks of paid Supplemental Disability, mental and emotional health benefits, 401K company match, gym and cellphone service reimbursements",2024-04-23,7.0,"The fit score is calculated based on the relevance of your UX design experience (as per your resume) to the required skills for the role, the number of years of experience aligning with the job description, and the lack of specified location, remote work, or travel requirements.","I am excited about the opportunity to join the TikTok team as a UX Designer. With my 3 years of experience in UX design, proficiency in UI design, and expertise in prototyping tools, I am confident in contributing effectively to creating engaging user experiences at TikTok. I am passionate about collaborating with cross-functional teams to deliver innovative designs that align with TikTok's values of creativity and user-centric approach.","The UX Designer role at TikTok requires 2-4 years of experience and focuses on designing intuitive user interfaces, collaborating with stakeholders to create prototypes, and ensuring a seamless user experience daily.","TikTok offers a dynamic and creative work environment, emphasizing collaboration and growth. The company provides comprehensive benefits and fosters a culture of innovation and user-centric design.",Queued,careers.tiktok.com_position_detail_7356274660419651867
SpaceX,"Application Software Engineer, Data (Top Secret Clearance)",https://boards.greenhouse.io/spacex/jobs/7123288002?gh_jid=7123288002,"Hawthorne, California, United States",Not remote,Not mentioned,"['Python', 'C#.NET', 'Go', 'Java', 'Angular', 'React', 'PostgreSQL', 'SQL Server']",4 years of software development experience OR 6+ years of professional experience,"$120,000.00 - $145,000.00/per year (Level I) / $140,000.00 - $170,000.00/per year (Level II)","Comprehensive medical, vision, and dental coverage, 401(k) retirement plan, short & long-term disability insurance, life insurance, paid parental leave, stock options, paid vacation, paid holidays, sick leave, and various other discounts and perks",2024-04-23,7.0,"The candidate's experience in full stack development and programming in Python, C#.NET, Go, and Java align well with the technical skills required for the role. With 4 years of software development experience, the candidate meets the minimum years of experience criteria. The lack of mention of aerospace experience as a requirement is beneficial for the candidate as their skills and motivation are highlighted as key factors for success. The active Top Secret or TS/SCI clearance aligns with the job requirement, contributing positively to the fit score.","Dear Hiring Team, I am excited about the opportunity to apply for the Application Software Engineer role at SpaceX. With a background in full stack development and proficiency in Python, C#.NET, Go, and Java, I am well-equipped to contribute effectively to the mission-critical applications at SpaceX. I am passionate about solving complex problems and thrive in collaborative environments, making me a perfect fit to drive innovation in rapid software development and propel SpaceX towards its inspiring goals.","The Application Software Engineer will be responsible for developing highly reliable software solutions, creating new applications to enhance SpaceX's operations, collaborating on architecture and design, building prototypes, and taking full ownership of software engineering and product development. The role involves working on systems to support various SpaceX missions and projects, including Starship and Starlink.","SpaceX is actively developing technologies to enable human life on Mars and exploring the stars. The company values smart, motivated, collaborative engineers who are passionate about solving problems and making an impact on inspiring missions. SpaceX fosters a culture of innovation and continuous improvement, focusing on accelerating space exploration and advancing technological frontiers.",Queued,boards.greenhouse.io_spacex_jobs_7123288002
Deloitte,Data Engineer (Clearance Required),https://apply.deloitte.com/careers/jobdetail/data-engineer-clearance-required/168791,Not specified,Not specified,Not specified,Not specified,Not specified,Not specified,Not specified,2024-04-23,Not applicable,"The page provided leads to an error, thus no job details could be evaluated against the resume.",Not applicable,Not applicable,"Deloitte is a leading global provider of audit and assurance, consulting, financial advisory, risk advisory, tax, and related services.",Queued,apply.deloitte.com_careers_jobdetail_data-engineer-clearance-required_168791
Instacart,"iOS Engineer, Shopper",https://instacart.careers/job/?id=5835065,"Canada (ON, AB & BC Only)","Not specified, Flex First approach indicating possibility of remote work",Not specified,"['Mobile development', 'Software Engineering', 'iOS application development', 'Swift', 'Swift UI', 'Autolayout']",2-4 years of experience in mobile development,Not specified,Not specified,2024-04-23,Not calculable,Unable to retrieve applicant resume information for fit score evaluation.,Not applicable,"The iOS Engineer, Shopper at Instacart will work on building innovative features for the Shopper app, including in-store picking technology, OCR data extraction, and delivery navigation.",Instacart is an American company that operates as a same-day grocery delivery and pick-up service in the U.S. and Canada. The company offers its services via a website and mobile app.,Queued,instacart.careers_job
